YearStart,Acute Myocardial Infarction (Heart Attack)
2016,7.55
2017,7.220000000000001
2018,7.32
2019,7.0200000000000005
