YearStart,Heart Failure
2016,3.8200000000000003
2017,3.97
2018,4.1899999999999995
2019,4.529999999999999
