YearStart,Stroke
2020,6.659999999999999
2021,6.779999999999999
